,Date,CityName,DailyCasesBySpecimenDate,DailyCasesChangeBySpecimenDate,CummulativeCasesBySpecimenDate,DailyCasesByPublishDate
0,2022-03-02,Manchester,,,,187.0
1,2022-03-01,Manchester,115.0,115.0,177304.0,180.0
2,2022-02-28,Manchester,174.0,65.0,177189.0,360.0
3,2022-02-27,Manchester,147.0,5.0,177015.0,0.0
4,2022-02-26,Manchester,86.0,0.0,176868.0,0.0
5,2022-02-25,Manchester,111.0,1.0,176782.0,141.0
6,2022-02-24,Manchester,134.0,1.0,176671.0,184.0
7,2022-02-23,Manchester,167.0,,176537.0,174.0
8,2022-02-22,Manchester,176.0,,176370.0,168.0
9,2022-02-21,Manchester,193.0,,176194.0,190.0
10,2022-02-20,Manchester,160.0,,176001.0,124.0
11,2022-02-19,Manchester,133.0,,175841.0,211.0
12,2022-02-18,Manchester,185.0,,175708.0,172.0
13,2022-02-17,Manchester,188.0,,175523.0,255.0
14,2022-02-16,Manchester,237.0,,175335.0,295.0
15,2022-02-15,Manchester,249.0,,175098.0,229.0
16,2022-02-14,Manchester,275.0,,174849.0,162.0
17,2022-02-13,Manchester,181.0,,174574.0,168.0
18,2022-02-12,Manchester,150.0,,174393.0,241.0
19,2022-02-11,Manchester,194.0,,174243.0,278.0
20,2022-02-10,Manchester,261.0,,174049.0,306.0
21,2022-02-09,Manchester,300.0,,173788.0,393.0
22,2022-02-08,Manchester,347.0,,173488.0,334.0
23,2022-02-07,Manchester,402.0,,173141.0,237.0
24,2022-02-06,Manchester,287.0,,172739.0,297.0
25,2022-02-05,Manchester,210.0,,172452.0,390.0
26,2022-02-04,Manchester,336.0,,172242.0,442.0
27,2022-02-03,Manchester,377.0,,171906.0,423.0
28,2022-02-02,Manchester,440.0,,171529.0,469.0
29,2022-02-01,Manchester,441.0,,171089.0,709.0
30,2022-01-31,Manchester,520.0,,170648.0,12108.0
31,2022-01-30,Manchester,446.0,,170128.0,331.0
32,2022-01-29,Manchester,350.0,,169682.0,419.0
33,2022-01-28,Manchester,443.0,,169332.0,534.0
34,2022-01-27,Manchester,542.0,,168889.0,571.0
35,2022-01-26,Manchester,656.0,,168347.0,607.0
36,2022-01-25,Manchester,679.0,,167691.0,575.0
37,2022-01-24,Manchester,755.0,,167012.0,545.0
38,2022-01-23,Manchester,645.0,,166257.0,437.0
39,2022-01-22,Manchester,500.0,,165612.0,588.0
40,2022-01-21,Manchester,562.0,,165112.0,705.0
41,2022-01-20,Manchester,693.0,,164550.0,818.0
42,2022-01-19,Manchester,862.0,,163857.0,733.0
43,2022-01-18,Manchester,827.0,,162995.0,660.0
44,2022-01-17,Manchester,977.0,,162168.0,591.0
45,2022-01-16,Manchester,710.0,,161191.0,577.0
46,2022-01-15,Manchester,567.0,,160481.0,680.0
47,2022-01-14,Manchester,676.0,,159914.0,1004.0
48,2022-01-13,Manchester,819.0,,159238.0,917.0
49,2022-01-12,Manchester,956.0,,158419.0,1346.0
50,2022-01-11,Manchester,1025.0,,157463.0,1079.0
51,2022-01-10,Manchester,1254.0,,156438.0,1479.0
52,2022-01-09,Manchester,846.0,,155184.0,1259.0
53,2022-01-08,Manchester,855.0,,154338.0,1722.0
54,2022-01-07,Manchester,1177.0,,153483.0,1461.0
55,2022-01-06,Manchester,1797.0,,152306.0,1541.0
56,2022-01-05,Manchester,2287.0,,150509.0,1229.0
57,2022-01-04,Manchester,2609.0,,148222.0,1816.0
58,2022-01-03,Manchester,2029.0,,145613.0,1352.0
59,2022-01-02,Manchester,1606.0,,143584.0,1012.0
60,2022-01-01,Manchester,1114.0,,141978.0,1883.0
61,2021-12-31,Manchester,1651.0,,140864.0,1536.0
62,2021-12-30,Manchester,2176.0,,139213.0,1754.0
63,2021-12-29,Manchester,2609.0,,137037.0,2083.0
64,2021-12-28,Manchester,1981.0,,134428.0,1677.0
65,2021-12-27,Manchester,1929.0,,132447.0,999.0
66,2021-12-26,Manchester,1221.0,,130518.0,1056.0
67,2021-12-25,Manchester,732.0,,129297.0,1597.0
68,2021-12-24,Manchester,1695.0,,128565.0,2084.0
69,2021-12-23,Manchester,2028.0,,126870.0,1251.0
70,2021-12-22,Manchester,2083.0,,124842.0,1142.0
71,2021-12-21,Manchester,2008.0,,122759.0,859.0
72,2021-12-20,Manchester,1742.0,,120751.0,881.0
73,2021-12-19,Manchester,1113.0,,119009.0,725.0
74,2021-12-18,Manchester,1128.0,,117896.0,1204.0
75,2021-12-17,Manchester,1195.0,,116768.0,816.0
76,2021-12-16,Manchester,1342.0,,115573.0,771.0
77,2021-12-15,Manchester,1291.0,,114231.0,739.0
78,2021-12-14,Manchester,1054.0,,112940.0,582.0
79,2021-12-13,Manchester,858.0,,111886.0,250.0
80,2021-12-12,Manchester,445.0,,111028.0,293.0
81,2021-12-11,Manchester,384.0,,110583.0,534.0
82,2021-12-10,Manchester,368.0,,110199.0,366.0
83,2021-12-09,Manchester,405.0,,109831.0,310.0
84,2021-12-08,Manchester,460.0,,109426.0,372.0
85,2021-12-07,Manchester,402.0,,108966.0,297.0
86,2021-12-06,Manchester,438.0,,108564.0,296.0
87,2021-12-05,Manchester,254.0,,108126.0,271.0
88,2021-12-04,Manchester,230.0,,107872.0,208.0
89,2021-12-03,Manchester,293.0,,107642.0,322.0
90,2021-12-02,Manchester,305.0,,107349.0,325.0
91,2021-12-01,Manchester,351.0,,107044.0,223.0
92,2021-11-30,Manchester,324.0,,106693.0,188.0
93,2021-11-29,Manchester,313.0,,106369.0,214.0
94,2021-11-28,Manchester,185.0,,106056.0,245.0
95,2021-11-27,Manchester,200.0,,105871.0,268.0
96,2021-11-26,Manchester,232.0,,105671.0,337.0
97,2021-11-25,Manchester,265.0,,105439.0,248.0
98,2021-11-24,Manchester,289.0,,105174.0,292.0
99,2021-11-23,Manchester,312.0,,104885.0,263.0
100,2021-11-22,Manchester,325.0,,104573.0,192.0
101,2021-11-21,Manchester,201.0,,104248.0,242.0
102,2021-11-20,Manchester,188.0,,104047.0,310.0
103,2021-11-19,Manchester,267.0,,103859.0,251.0
104,2021-11-18,Manchester,308.0,,103592.0,239.0
105,2021-11-17,Manchester,288.0,,103284.0,268.0
106,2021-11-16,Manchester,297.0,,102996.0,217.0
107,2021-11-15,Manchester,300.0,,102699.0,198.0
108,2021-11-14,Manchester,194.0,,102399.0,198.0
109,2021-11-13,Manchester,199.0,,102205.0,294.0
110,2021-11-12,Manchester,244.0,,102006.0,190.0
111,2021-11-11,Manchester,268.0,,101762.0,252.0
112,2021-11-10,Manchester,225.0,,101494.0,298.0
113,2021-11-09,Manchester,295.0,,101269.0,178.0
114,2021-11-08,Manchester,252.0,,100974.0,199.0
115,2021-11-07,Manchester,188.0,,100722.0,128.0
116,2021-11-06,Manchester,180.0,,100534.0,286.0
117,2021-11-05,Manchester,191.0,,100354.0,182.0
118,2021-11-04,Manchester,221.0,,100163.0,178.0
119,2021-11-03,Manchester,226.0,,99942.0,316.0
120,2021-11-02,Manchester,220.0,,99716.0,238.0
121,2021-11-01,Manchester,290.0,,99496.0,228.0
122,2021-10-31,Manchester,263.0,,99206.0,209.0
123,2021-10-30,Manchester,188.0,,98943.0,208.0
124,2021-10-29,Manchester,253.0,,98755.0,276.0
125,2021-10-28,Manchester,243.0,,98502.0,221.0
126,2021-10-27,Manchester,234.0,,98259.0,263.0
127,2021-10-26,Manchester,235.0,,98025.0,175.0
128,2021-10-25,Manchester,259.0,,97790.0,198.0
129,2021-10-24,Manchester,175.0,,97531.0,171.0
130,2021-10-23,Manchester,177.0,,97356.0,271.0
131,2021-10-22,Manchester,226.0,,97179.0,270.0
132,2021-10-21,Manchester,245.0,,96953.0,268.0
133,2021-10-20,Manchester,293.0,,96708.0,316.0
134,2021-10-19,Manchester,292.0,,96415.0,237.0
135,2021-10-18,Manchester,325.0,,96123.0,244.0
136,2021-10-17,Manchester,236.0,,95798.0,232.0
137,2021-10-16,Manchester,197.0,,95562.0,264.0
138,2021-10-15,Manchester,245.0,,95365.0,256.0
139,2021-10-14,Manchester,275.0,,95120.0,226.0
140,2021-10-13,Manchester,286.0,,94845.0,285.0
141,2021-10-12,Manchester,277.0,,94559.0,264.0
142,2021-10-11,Manchester,302.0,,94282.0,207.0
143,2021-10-10,Manchester,211.0,,93980.0,204.0
144,2021-10-09,Manchester,201.0,,93769.0,206.0
145,2021-10-08,Manchester,200.0,,93568.0,200.0
146,2021-10-07,Manchester,247.0,,93368.0,238.0
147,2021-10-06,Manchester,223.0,,93121.0,243.0
148,2021-10-05,Manchester,238.0,,92898.0,212.0
149,2021-10-04,Manchester,266.0,,92660.0,146.0
150,2021-10-03,Manchester,185.0,,92394.0,157.0
151,2021-10-02,Manchester,140.0,,92209.0,211.0
152,2021-10-01,Manchester,156.0,,92069.0,201.0
153,2021-09-30,Manchester,193.0,,91913.0,198.0
154,2021-09-29,Manchester,181.0,,91720.0,197.0
155,2021-09-28,Manchester,216.0,,91539.0,153.0
156,2021-09-27,Manchester,250.0,,91323.0,123.0
157,2021-09-26,Manchester,135.0,,91073.0,165.0
158,2021-09-25,Manchester,111.0,,90938.0,161.0
159,2021-09-24,Manchester,185.0,,90827.0,192.0
160,2021-09-23,Manchester,180.0,,90642.0,197.0
161,2021-09-22,Manchester,177.0,,90462.0,168.0
162,2021-09-21,Manchester,180.0,,90285.0,132.0
163,2021-09-20,Manchester,227.0,,90105.0,169.0
164,2021-09-19,Manchester,142.0,,89878.0,140.0
165,2021-09-18,Manchester,145.0,,89736.0,203.0
166,2021-09-17,Manchester,149.0,,89591.0,193.0
167,2021-09-16,Manchester,201.0,,89442.0,182.0
168,2021-09-15,Manchester,157.0,,89241.0,159.0
169,2021-09-14,Manchester,193.0,,89084.0,157.0
170,2021-09-13,Manchester,188.0,,88891.0,172.0
171,2021-09-12,Manchester,148.0,,88703.0,165.0
172,2021-09-11,Manchester,135.0,,88555.0,242.0
173,2021-09-10,Manchester,190.0,,88420.0,230.0
174,2021-09-09,Manchester,239.0,,88230.0,233.0
175,2021-09-08,Manchester,263.0,,87991.0,294.0
176,2021-09-07,Manchester,247.0,,87728.0,250.0
177,2021-09-06,Manchester,310.0,,87481.0,201.0
178,2021-09-05,Manchester,224.0,,87171.0,223.0
179,2021-09-04,Manchester,205.0,,86947.0,247.0
180,2021-09-03,Manchester,253.0,,86742.0,316.0
181,2021-09-02,Manchester,303.0,,86489.0,273.0
182,2021-09-01,Manchester,314.0,,86186.0,199.0
183,2021-08-31,Manchester,304.0,,85872.0,209.0
184,2021-08-30,Manchester,194.0,,85568.0,161.0
185,2021-08-29,Manchester,165.0,,85374.0,166.0
186,2021-08-28,Manchester,146.0,,85209.0,258.0
187,2021-08-27,Manchester,225.0,,85063.0,242.0
188,2021-08-26,Manchester,261.0,,84838.0,292.0
189,2021-08-25,Manchester,289.0,,84577.0,248.0
190,2021-08-24,Manchester,266.0,,84288.0,230.0
191,2021-08-23,Manchester,263.0,,84022.0,223.0
192,2021-08-22,Manchester,200.0,,83759.0,237.0
193,2021-08-21,Manchester,219.0,,83559.0,250.0
194,2021-08-20,Manchester,244.0,,83340.0,279.0
195,2021-08-19,Manchester,299.0,,83096.0,296.0
196,2021-08-18,Manchester,319.0,,82797.0,265.0
197,2021-08-17,Manchester,274.0,,82478.0,210.0
198,2021-08-16,Manchester,327.0,,82204.0,270.0
199,2021-08-15,Manchester,196.0,,81877.0,205.0
200,2021-08-14,Manchester,202.0,,81681.0,316.0
201,2021-08-13,Manchester,244.0,,81479.0,292.0
202,2021-08-12,Manchester,310.0,,81235.0,295.0
203,2021-08-11,Manchester,298.0,,80925.0,279.0
204,2021-08-10,Manchester,325.0,,80627.0,242.0
205,2021-08-09,Manchester,326.0,,80302.0,260.0
206,2021-08-08,Manchester,212.0,,79976.0,259.0
207,2021-08-07,Manchester,235.0,,79764.0,242.0
208,2021-08-06,Manchester,256.0,,79529.0,314.0
209,2021-08-05,Manchester,312.0,,79273.0,355.0
210,2021-08-04,Manchester,340.0,,78961.0,291.0
211,2021-08-03,Manchester,343.0,,78621.0,217.0
212,2021-08-02,Manchester,352.0,,78278.0,186.0
213,2021-08-01,Manchester,190.0,,77926.0,257.0
214,2021-07-31,Manchester,204.0,,77736.0,355.0
215,2021-07-30,Manchester,252.0,,77532.0,290.0
216,2021-07-29,Manchester,323.0,,77280.0,320.0
217,2021-07-28,Manchester,356.0,,76957.0,258.0
218,2021-07-27,Manchester,281.0,,76601.0,228.0
219,2021-07-26,Manchester,329.0,,76320.0,266.0
220,2021-07-25,Manchester,232.0,,75991.0,246.0
221,2021-07-24,Manchester,223.0,,75759.0,300.0
222,2021-07-23,Manchester,263.0,,75536.0,312.0
223,2021-07-22,Manchester,289.0,,75273.0,432.0
224,2021-07-21,Manchester,357.0,,74984.0,343.0
225,2021-07-20,Manchester,384.0,,74627.0,341.0
226,2021-07-19,Manchester,456.0,,74243.0,369.0
227,2021-07-18,Manchester,314.0,,73787.0,533.0
228,2021-07-17,Manchester,366.0,,73473.0,524.0
229,2021-07-16,Manchester,561.0,,73107.0,529.0
230,2021-07-15,Manchester,549.0,,72546.0,464.0
231,2021-07-14,Manchester,578.0,,71997.0,446.0
232,2021-07-13,Manchester,487.0,,71419.0,401.0
233,2021-07-12,Manchester,441.0,,70932.0,386.0
234,2021-07-11,Manchester,337.0,,70491.0,329.0
235,2021-07-10,Manchester,338.0,,70154.0,435.0
236,2021-07-09,Manchester,383.0,,69816.0,499.0
237,2021-07-08,Manchester,429.0,,69433.0,425.0
238,2021-07-07,Manchester,472.0,,69004.0,398.0
239,2021-07-06,Manchester,442.0,,68532.0,366.0
240,2021-07-05,Manchester,438.0,,68090.0,312.0
241,2021-07-04,Manchester,327.0,,67652.0,394.0
242,2021-07-03,Manchester,331.0,,67325.0,358.0
243,2021-07-02,Manchester,402.0,,66994.0,520.0
244,2021-07-01,Manchester,502.0,,66592.0,435.0
245,2021-06-30,Manchester,509.0,,66090.0,454.0
246,2021-06-29,Manchester,516.0,,65581.0,389.0
247,2021-06-28,Manchester,545.0,,65065.0,451.0
248,2021-06-27,Manchester,316.0,,64520.0,307.0
249,2021-06-26,Manchester,325.0,,64204.0,383.0
250,2021-06-25,Manchester,412.0,,63879.0,371.0
251,2021-06-24,Manchester,389.0,,63467.0,378.0
252,2021-06-23,Manchester,410.0,,63078.0,447.0
253,2021-06-22,Manchester,462.0,,62668.0,321.0
254,2021-06-21,Manchester,424.0,,62206.0,266.0
255,2021-06-20,Manchester,250.0,,61782.0,261.0
256,2021-06-19,Manchester,260.0,,61532.0,319.0
257,2021-06-18,Manchester,307.0,,61272.0,327.0
258,2021-06-17,Manchester,374.0,,60965.0,335.0
259,2021-06-16,Manchester,326.0,,60591.0,206.0
260,2021-06-15,Manchester,352.0,,60265.0,268.0
261,2021-06-14,Manchester,341.0,,59913.0,256.0
262,2021-06-13,Manchester,219.0,,59572.0,284.0
263,2021-06-12,Manchester,214.0,,59353.0,252.0
264,2021-06-11,Manchester,268.0,,59139.0,303.0
265,2021-06-10,Manchester,280.0,,58871.0,223.0
266,2021-06-09,Manchester,279.0,,58591.0,290.0
267,2021-06-08,Manchester,320.0,,58312.0,214.0
268,2021-06-07,Manchester,311.0,,57992.0,173.0
269,2021-06-06,Manchester,190.0,,57681.0,193.0
270,2021-06-05,Manchester,162.0,,57491.0,210.0
271,2021-06-04,Manchester,197.0,,57329.0,199.0
272,2021-06-03,Manchester,232.0,,57132.0,220.0
273,2021-06-02,Manchester,225.0,,56900.0,163.0
274,2021-06-01,Manchester,234.0,,56675.0,97.0
275,2021-05-31,Manchester,146.0,,56441.0,165.0
276,2021-05-30,Manchester,116.0,,56295.0,97.0
277,2021-05-29,Manchester,127.0,,56179.0,59.0
278,2021-05-28,Manchester,110.0,,56052.0,154.0
279,2021-05-27,Manchester,122.0,,55942.0,104.0
280,2021-05-26,Manchester,99.0,,55820.0,74.0
281,2021-05-25,Manchester,99.0,,55721.0,55.0
282,2021-05-24,Manchester,99.0,,55622.0,45.0
283,2021-05-23,Manchester,52.0,,55523.0,61.0
284,2021-05-22,Manchester,42.0,,55471.0,68.0
285,2021-05-21,Manchester,50.0,,55429.0,41.0
286,2021-05-20,Manchester,58.0,,55379.0,77.0
287,2021-05-19,Manchester,54.0,,55321.0,49.0
288,2021-05-18,Manchester,89.0,,55267.0,0.0
289,2021-05-17,Manchester,52.0,,55178.0,39.0
290,2021-05-16,Manchester,31.0,,55126.0,30.0
291,2021-05-15,Manchester,23.0,,55095.0,33.0
292,2021-05-14,Manchester,34.0,,55072.0,24.0
293,2021-05-13,Manchester,25.0,,55038.0,71.0
294,2021-05-12,Manchester,46.0,,55013.0,36.0
295,2021-05-11,Manchester,35.0,,54967.0,35.0
296,2021-05-10,Manchester,68.0,,54932.0,30.0
297,2021-05-09,Manchester,35.0,,54864.0,26.0
298,2021-05-08,Manchester,20.0,,54829.0,33.0
299,2021-05-07,Manchester,26.0,,54809.0,39.0
300,2021-05-06,Manchester,38.0,,54783.0,33.0
301,2021-05-05,Manchester,38.0,,54745.0,34.0
302,2021-05-04,Manchester,37.0,,54707.0,30.0
303,2021-05-03,Manchester,31.0,,54670.0,14.0
304,2021-05-02,Manchester,24.0,,54639.0,28.0
305,2021-05-01,Manchester,22.0,,54615.0,19.0
306,2021-04-30,Manchester,21.0,,54593.0,37.0
307,2021-04-29,Manchester,25.0,,54572.0,35.0
308,2021-04-28,Manchester,35.0,,54547.0,23.0
309,2021-04-27,Manchester,33.0,,54512.0,35.0
310,2021-04-26,Manchester,29.0,,54479.0,21.0
311,2021-04-25,Manchester,28.0,,54450.0,20.0
312,2021-04-24,Manchester,19.0,,54422.0,23.0
313,2021-04-23,Manchester,19.0,,54403.0,49.0
314,2021-04-22,Manchester,31.0,,54384.0,35.0
315,2021-04-21,Manchester,40.0,,54353.0,42.0
316,2021-04-20,Manchester,47.0,,54313.0,44.0
317,2021-04-19,Manchester,42.0,,54266.0,57.0
318,2021-04-18,Manchester,52.0,,54224.0,23.0
319,2021-04-17,Manchester,32.0,,54172.0,39.0
320,2021-04-16,Manchester,40.0,,54140.0,31.0
321,2021-04-15,Manchester,34.0,,54100.0,42.0
322,2021-04-14,Manchester,25.0,,54066.0,47.0
323,2021-04-13,Manchester,48.0,,54041.0,38.0
324,2021-04-12,Manchester,57.0,,53993.0,60.0
325,2021-04-11,Manchester,34.0,,53936.0,38.0
326,2021-04-10,Manchester,38.0,,53902.0,42.0
327,2021-04-09,Manchester,58.0,,53864.0,0.0
328,2021-04-08,Manchester,53.0,,53806.0,25.0
329,2021-04-07,Manchester,46.0,,53753.0,39.0
330,2021-04-06,Manchester,43.0,,53707.0,47.0
331,2021-04-05,Manchester,41.0,,53664.0,31.0
332,2021-04-04,Manchester,33.0,,53623.0,34.0
333,2021-04-03,Manchester,31.0,,53590.0,64.0
334,2021-04-02,Manchester,48.0,,53559.0,43.0
335,2021-04-01,Manchester,57.0,,53511.0,92.0
336,2021-03-31,Manchester,55.0,,53454.0,54.0
337,2021-03-30,Manchester,68.0,,53399.0,67.0
338,2021-03-29,Manchester,76.0,,53331.0,80.0
339,2021-03-28,Manchester,73.0,,53255.0,55.0
340,2021-03-27,Manchester,54.0,,53182.0,82.0
341,2021-03-26,Manchester,81.0,,53128.0,90.0
342,2021-03-25,Manchester,81.0,,53047.0,80.0
343,2021-03-24,Manchester,99.0,,52966.0,80.0
344,2021-03-23,Manchester,80.0,,52867.0,78.0
345,2021-03-22,Manchester,97.0,,52787.0,83.0
346,2021-03-21,Manchester,80.0,,52690.0,83.0
347,2021-03-20,Manchester,68.0,,52610.0,66.0
348,2021-03-19,Manchester,67.0,,52542.0,34.0
349,2021-03-18,Manchester,65.0,,52475.0,85.0
350,2021-03-17,Manchester,70.0,,52410.0,100.0
351,2021-03-16,Manchester,88.0,,52340.0,56.0
352,2021-03-15,Manchester,98.0,,52252.0,52.0
353,2021-03-14,Manchester,61.0,,52154.0,59.0
354,2021-03-13,Manchester,65.0,,52093.0,75.0
355,2021-03-12,Manchester,74.0,,52028.0,89.0
356,2021-03-11,Manchester,72.0,,51954.0,91.0
357,2021-03-10,Manchester,101.0,,51882.0,66.0
358,2021-03-09,Manchester,86.0,,51781.0,90.0
359,2021-03-08,Manchester,89.0,,51695.0,48.0
360,2021-03-07,Manchester,56.0,,51606.0,59.0
361,2021-03-06,Manchester,58.0,,51550.0,56.0
362,2021-03-05,Manchester,57.0,,51492.0,72.0
363,2021-03-04,Manchester,68.0,,51435.0,83.0
364,2021-03-03,Manchester,65.0,,51367.0,51.0
365,2021-03-02,Manchester,87.0,,51302.0,53.0
366,2021-03-01,Manchester,66.0,,51215.0,79.0
367,2021-02-28,Manchester,46.0,,51149.0,99.0
368,2021-02-27,Manchester,76.0,,51103.0,77.0
369,2021-02-26,Manchester,102.0,,51027.0,100.0
370,2021-02-25,Manchester,89.0,,50925.0,81.0
371,2021-02-24,Manchester,102.0,,50836.0,141.0
372,2021-02-23,Manchester,106.0,,50734.0,109.0
373,2021-02-22,Manchester,140.0,,50628.0,176.0
374,2021-02-21,Manchester,135.0,,50488.0,106.0
375,2021-02-20,Manchester,120.0,,50353.0,116.0
376,2021-02-19,Manchester,139.0,,50233.0,189.0
377,2021-02-18,Manchester,111.0,,50094.0,128.0
378,2021-02-17,Manchester,170.0,,49983.0,140.0
379,2021-02-16,Manchester,171.0,,49813.0,138.0
380,2021-02-15,Manchester,165.0,,49642.0,137.0
381,2021-02-14,Manchester,130.0,,49477.0,160.0
382,2021-02-13,Manchester,102.0,,49347.0,143.0
383,2021-02-12,Manchester,149.0,,49245.0,148.0
384,2021-02-11,Manchester,188.0,,49096.0,139.0
385,2021-02-10,Manchester,143.0,,48908.0,164.0
386,2021-02-09,Manchester,157.0,,48765.0,130.0
387,2021-02-08,Manchester,201.0,,48608.0,128.0
388,2021-02-07,Manchester,141.0,,48407.0,215.0
389,2021-02-06,Manchester,129.0,,48266.0,210.0
390,2021-02-05,Manchester,160.0,,48137.0,194.0
391,2021-02-04,Manchester,250.0,,47977.0,215.0
392,2021-02-03,Manchester,210.0,,47727.0,228.0
393,2021-02-02,Manchester,223.0,,47517.0,163.0
394,2021-02-01,Manchester,262.0,,47294.0,247.0
395,2021-01-31,Manchester,172.0,,47032.0,240.0
396,2021-01-30,Manchester,203.0,,46860.0,219.0
397,2021-01-29,Manchester,246.0,,46657.0,282.0
398,2021-01-28,Manchester,233.0,,46411.0,270.0
399,2021-01-27,Manchester,251.0,,46178.0,247.0
400,2021-01-26,Manchester,267.0,,45927.0,226.0
401,2021-01-25,Manchester,293.0,,45660.0,210.0
402,2021-01-24,Manchester,207.0,,45367.0,260.0
403,2021-01-23,Manchester,187.0,,45160.0,292.0
404,2021-01-22,Manchester,274.0,,44973.0,349.0
405,2021-01-21,Manchester,291.0,,44699.0,257.0
406,2021-01-20,Manchester,292.0,,44408.0,332.0
407,2021-01-19,Manchester,328.0,,44116.0,263.0
408,2021-01-18,Manchester,323.0,,43788.0,305.0
409,2021-01-17,Manchester,284.0,,43465.0,310.0
410,2021-01-16,Manchester,274.0,,43181.0,351.0
411,2021-01-15,Manchester,342.0,,42907.0,433.0
412,2021-01-14,Manchester,391.0,,42565.0,419.0
413,2021-01-13,Manchester,360.0,,42174.0,363.0
414,2021-01-12,Manchester,387.0,,41814.0,387.0
415,2021-01-11,Manchester,474.0,,41427.0,337.0
416,2021-01-10,Manchester,339.0,,40953.0,391.0
417,2021-01-09,Manchester,291.0,,40614.0,445.0
418,2021-01-08,Manchester,364.0,,40323.0,556.0
419,2021-01-07,Manchester,390.0,,39959.0,354.0
420,2021-01-06,Manchester,419.0,,39569.0,369.0
421,2021-01-05,Manchester,553.0,,39150.0,237.0
422,2021-01-04,Manchester,491.0,,38597.0,343.0
423,2021-01-03,Manchester,398.0,,38106.0,238.0
424,2021-01-02,Manchester,319.0,,37708.0,235.0
425,2021-01-01,Manchester,172.0,,37389.0,284.0
426,2020-12-31,Manchester,322.0,,37217.0,311.0
427,2020-12-30,Manchester,366.0,,36895.0,202.0
428,2020-12-29,Manchester,362.0,,36529.0,272.0
429,2020-12-28,Manchester,265.0,,36167.0,152.0
430,2020-12-27,Manchester,213.0,,35902.0,122.0
431,2020-12-26,Manchester,148.0,,35689.0,111.0
432,2020-12-25,Manchester,62.0,,35541.0,124.0
433,2020-12-24,Manchester,144.0,,35479.0,165.0
434,2020-12-23,Manchester,154.0,,35335.0,236.0
435,2020-12-22,Manchester,187.0,,35181.0,158.0
436,2020-12-21,Manchester,225.0,,34994.0,203.0
437,2020-12-20,Manchester,160.0,,34769.0,133.0
438,2020-12-19,Manchester,110.0,,34609.0,152.0
439,2020-12-18,Manchester,180.0,,34499.0,99.0
440,2020-12-17,Manchester,146.0,,34319.0,152.0
441,2020-12-16,Manchester,171.0,,34173.0,160.0
442,2020-12-15,Manchester,162.0,,34002.0,128.0
443,2020-12-14,Manchester,190.0,,33840.0,94.0
444,2020-12-13,Manchester,106.0,,33650.0,116.0
445,2020-12-12,Manchester,94.0,,33544.0,173.0
446,2020-12-11,Manchester,124.0,,33450.0,133.0
447,2020-12-10,Manchester,140.0,,33326.0,169.0
448,2020-12-09,Manchester,167.0,,33186.0,176.0
449,2020-12-08,Manchester,180.0,,33019.0,95.0
450,2020-12-07,Manchester,173.0,,32839.0,109.0
451,2020-12-06,Manchester,105.0,,32666.0,154.0
452,2020-12-05,Manchester,104.0,,32561.0,179.0
453,2020-12-04,Manchester,128.0,,32457.0,139.0
454,2020-12-03,Manchester,132.0,,32329.0,152.0
455,2020-12-02,Manchester,161.0,,32197.0,153.0
456,2020-12-01,Manchester,182.0,,32036.0,155.0
457,2020-11-30,Manchester,162.0,,31854.0,67.0
458,2020-11-29,Manchester,95.0,,31692.0,130.0
459,2020-11-28,Manchester,100.0,,31597.0,174.0
460,2020-11-27,Manchester,139.0,,31497.0,141.0
461,2020-11-26,Manchester,161.0,,31358.0,181.0
462,2020-11-25,Manchester,163.0,,31197.0,161.0
463,2020-11-24,Manchester,175.0,,31034.0,143.0
464,2020-11-23,Manchester,186.0,,30859.0,145.0
465,2020-11-22,Manchester,142.0,,30673.0,199.0
466,2020-11-21,Manchester,114.0,,30531.0,181.0
467,2020-11-20,Manchester,194.0,,30417.0,268.0
468,2020-11-19,Manchester,196.0,,30223.0,165.0
469,2020-11-18,Manchester,225.0,,30027.0,259.0
470,2020-11-17,Manchester,229.0,,29802.0,230.0
471,2020-11-16,Manchester,289.0,,29573.0,3174.0
472,2020-11-15,Manchester,180.0,,29284.0,256.0
473,2020-11-14,Manchester,206.0,,29104.0,359.0
474,2020-11-13,Manchester,297.0,,28898.0,360.0
475,2020-11-12,Manchester,289.0,,28601.0,443.0
476,2020-11-11,Manchester,356.0,,28312.0,310.0
477,2020-11-10,Manchester,338.0,,27956.0,253.0
478,2020-11-09,Manchester,388.0,,27618.0,249.0
479,2020-11-08,Manchester,249.0,,27230.0,270.0
480,2020-11-07,Manchester,248.0,,26981.0,380.0
481,2020-11-06,Manchester,343.0,,26733.0,288.0
482,2020-11-05,Manchester,330.0,,26390.0,401.0
483,2020-11-04,Manchester,367.0,,26060.0,454.0
484,2020-11-03,Manchester,389.0,,25693.0,327.0
485,2020-11-02,Manchester,534.0,,25304.0,242.0
486,2020-11-01,Manchester,255.0,,24770.0,372.0
487,2020-10-31,Manchester,277.0,,24515.0,400.0
488,2020-10-30,Manchester,436.0,,24238.0,392.0
489,2020-10-29,Manchester,424.0,,23802.0,474.0
490,2020-10-28,Manchester,410.0,,23378.0,441.0
491,2020-10-27,Manchester,452.0,,22968.0,437.0
492,2020-10-26,Manchester,507.0,,22516.0,392.0
493,2020-10-25,Manchester,279.0,,22009.0,350.0
494,2020-10-24,Manchester,288.0,,21730.0,451.0
495,2020-10-23,Manchester,412.0,,21442.0,312.0
496,2020-10-22,Manchester,441.0,,21030.0,342.0
497,2020-10-21,Manchester,469.0,,20589.0,501.0
498,2020-10-20,Manchester,534.0,,20120.0,379.0
499,2020-10-19,Manchester,520.0,,19586.0,460.0
500,2020-10-18,Manchester,280.0,,19066.0,403.0
501,2020-10-17,Manchester,297.0,,18786.0,340.0
502,2020-10-16,Manchester,378.0,,18489.0,312.0
503,2020-10-15,Manchester,382.0,,18111.0,339.0
504,2020-10-14,Manchester,453.0,,17729.0,328.0
505,2020-10-13,Manchester,427.0,,17276.0,401.0
506,2020-10-12,Manchester,413.0,,16849.0,333.0
507,2020-10-11,Manchester,237.0,,16436.0,378.0
508,2020-10-10,Manchester,301.0,,16199.0,394.0
509,2020-10-09,Manchester,427.0,,15898.0,234.0
510,2020-10-08,Manchester,453.0,,15471.0,462.0
511,2020-10-07,Manchester,520.0,,15018.0,363.0
512,2020-10-06,Manchester,553.0,,14498.0,557.0
513,2020-10-05,Manchester,538.0,,13945.0,413.0
514,2020-10-04,Manchester,332.0,,13407.0,1054.0
515,2020-10-03,Manchester,434.0,,13075.0,546.0
516,2020-10-02,Manchester,624.0,,12641.0,214.0
517,2020-10-01,Manchester,678.0,,12017.0,347.0
518,2020-09-30,Manchester,967.0,,11339.0,414.0
519,2020-09-29,Manchester,720.0,,10372.0,223.0
520,2020-09-28,Manchester,610.0,,9652.0,119.0
521,2020-09-27,Manchester,562.0,,9042.0,182.0
522,2020-09-26,Manchester,396.0,,8480.0,177.0
523,2020-09-25,Manchester,452.0,,8084.0,240.0
524,2020-09-24,Manchester,373.0,,7632.0,194.0
525,2020-09-23,Manchester,373.0,,7259.0,124.0
526,2020-09-22,Manchester,277.0,,6886.0,146.0
527,2020-09-21,Manchester,183.0,,6609.0,96.0
528,2020-09-20,Manchester,200.0,,6426.0,113.0
529,2020-09-19,Manchester,208.0,,6226.0,156.0
530,2020-09-18,Manchester,172.0,,6018.0,144.0
531,2020-09-17,Manchester,173.0,,5846.0,102.0
532,2020-09-16,Manchester,178.0,,5673.0,115.0
533,2020-09-15,Manchester,117.0,,5495.0,65.0
534,2020-09-14,Manchester,106.0,,5378.0,70.0
535,2020-09-13,Manchester,39.0,,5272.0,77.0
536,2020-09-12,Manchester,64.0,,5233.0,54.0
537,2020-09-11,Manchester,87.0,,5169.0,68.0
538,2020-09-10,Manchester,74.0,,5082.0,58.0
539,2020-09-09,Manchester,68.0,,5008.0,39.0
540,2020-09-08,Manchester,73.0,,4940.0,53.0
541,2020-09-07,Manchester,83.0,,4867.0,66.0
542,2020-09-06,Manchester,43.0,,4784.0,71.0
543,2020-09-05,Manchester,71.0,,4741.0,37.0
544,2020-09-04,Manchester,82.0,,4670.0,49.0
545,2020-09-03,Manchester,62.0,,4588.0,42.0
546,2020-09-02,Manchester,67.0,,4526.0,31.0
547,2020-09-01,Manchester,53.0,,4459.0,26.0
548,2020-08-31,Manchester,30.0,,4406.0,28.0
549,2020-08-30,Manchester,24.0,,4376.0,54.0
550,2020-08-29,Manchester,33.0,,4352.0,28.0
551,2020-08-28,Manchester,48.0,,4319.0,36.0
552,2020-08-27,Manchester,40.0,,4271.0,41.0
553,2020-08-26,Manchester,35.0,,4231.0,27.0
554,2020-08-25,Manchester,32.0,,4196.0,44.0
555,2020-08-24,Manchester,36.0,,4164.0,20.0
556,2020-08-23,Manchester,11.0,,4128.0,29.0
557,2020-08-22,Manchester,32.0,,4117.0,37.0
558,2020-08-21,Manchester,41.0,,4085.0,41.0
559,2020-08-20,Manchester,44.0,,4044.0,42.0
560,2020-08-19,Manchester,41.0,,4000.0,29.0
561,2020-08-18,Manchester,32.0,,3959.0,47.0
562,2020-08-17,Manchester,41.0,,3927.0,21.0
563,2020-08-16,Manchester,25.0,,3886.0,34.0
564,2020-08-15,Manchester,34.0,,3861.0,34.0
565,2020-08-14,Manchester,34.0,,3827.0,93.0
566,2020-08-13,Manchester,43.0,,3793.0,0.0
567,2020-08-12,Manchester,48.0,,3750.0,31.0
568,2020-08-11,Manchester,51.0,,3702.0,46.0
569,2020-08-10,Manchester,42.0,,3651.0,34.0
570,2020-08-09,Manchester,22.0,,3609.0,33.0
571,2020-08-08,Manchester,33.0,,3587.0,23.0
572,2020-08-07,Manchester,24.0,,3554.0,28.0
573,2020-08-06,Manchester,29.0,,3530.0,35.0
574,2020-08-05,Manchester,36.0,,3501.0,22.0
575,2020-08-04,Manchester,37.0,,3465.0,21.0
576,2020-08-03,Manchester,36.0,,3428.0,29.0
577,2020-08-02,Manchester,18.0,,3392.0,19.0
578,2020-08-01,Manchester,18.0,,3374.0,37.0
579,2020-07-31,Manchester,22.0,,3356.0,34.0
580,2020-07-30,Manchester,29.0,,3334.0,29.0
581,2020-07-29,Manchester,38.0,,3305.0,32.0
582,2020-07-28,Manchester,36.0,,3267.0,16.0
583,2020-07-27,Manchester,32.0,,3231.0,23.0
584,2020-07-26,Manchester,17.0,,3199.0,22.0
585,2020-07-25,Manchester,27.0,,3182.0,29.0
586,2020-07-24,Manchester,23.0,,3155.0,16.0
587,2020-07-23,Manchester,26.0,,3132.0,9.0
588,2020-07-22,Manchester,18.0,,3106.0,12.0
589,2020-07-21,Manchester,13.0,,3088.0,6.0
590,2020-07-20,Manchester,17.0,,3075.0,11.0
591,2020-07-19,Manchester,14.0,,3058.0,11.0
592,2020-07-18,Manchester,9.0,,3044.0,15.0
593,2020-07-17,Manchester,6.0,,3035.0,17.0
594,2020-07-16,Manchester,11.0,,3029.0,4.0
595,2020-07-15,Manchester,15.0,,3018.0,11.0
596,2020-07-14,Manchester,9.0,,3003.0,13.0
597,2020-07-13,Manchester,16.0,,2994.0,12.0
598,2020-07-12,Manchester,8.0,,2978.0,9.0
599,2020-07-11,Manchester,8.0,,2970.0,13.0
600,2020-07-10,Manchester,15.0,,2962.0,10.0
601,2020-07-09,Manchester,8.0,,2947.0,10.0
602,2020-07-08,Manchester,20.0,,2939.0,10.0
603,2020-07-07,Manchester,8.0,,2919.0,11.0
604,2020-07-06,Manchester,13.0,,2911.0,11.0
605,2020-07-05,Manchester,6.0,,2898.0,11.0
606,2020-07-04,Manchester,12.0,,2892.0,21.0
607,2020-07-03,Manchester,14.0,,2880.0,6.0
608,2020-07-02,Manchester,16.0,,2866.0,6.0
609,2020-07-01,Manchester,14.0,,2850.0,1088.0
610,2020-06-30,Manchester,7.0,,2836.0,0.0
611,2020-06-29,Manchester,10.0,,2829.0,3.0
612,2020-06-28,Manchester,9.0,,2819.0,3.0
613,2020-06-27,Manchester,18.0,,2810.0,9.0
614,2020-06-26,Manchester,11.0,,2792.0,1.0
615,2020-06-25,Manchester,14.0,,2781.0,7.0
616,2020-06-24,Manchester,21.0,,2767.0,0.0
617,2020-06-23,Manchester,13.0,,2746.0,6.0
618,2020-06-22,Manchester,17.0,,2733.0,3.0
619,2020-06-21,Manchester,6.0,,2716.0,3.0
620,2020-06-20,Manchester,15.0,,2710.0,5.0
621,2020-06-19,Manchester,17.0,,2695.0,6.0
622,2020-06-18,Manchester,26.0,,2678.0,4.0
623,2020-06-17,Manchester,20.0,,2652.0,8.0
624,2020-06-16,Manchester,19.0,,2632.0,9.0
625,2020-06-15,Manchester,16.0,,2613.0,5.0
626,2020-06-14,Manchester,21.0,,2597.0,12.0
627,2020-06-13,Manchester,14.0,,2576.0,11.0
628,2020-06-12,Manchester,14.0,,2562.0,5.0
629,2020-06-11,Manchester,18.0,,2548.0,7.0
630,2020-06-10,Manchester,14.0,,2530.0,1.0
631,2020-06-09,Manchester,16.0,,2516.0,4.0
632,2020-06-08,Manchester,18.0,,2500.0,5.0
633,2020-06-07,Manchester,8.0,,2482.0,6.0
634,2020-06-06,Manchester,9.0,,2474.0,8.0
635,2020-06-05,Manchester,22.0,,2465.0,5.0
636,2020-06-04,Manchester,17.0,,2443.0,10.0
637,2020-06-03,Manchester,18.0,,2426.0,10.0
638,2020-06-02,Manchester,26.0,,2408.0,3.0
639,2020-06-01,Manchester,18.0,,2382.0,6.0
640,2020-05-31,Manchester,20.0,,2364.0,8.0
641,2020-05-30,Manchester,24.0,,2344.0,5.0
642,2020-05-29,Manchester,20.0,,2320.0,7.0
643,2020-05-28,Manchester,33.0,,2300.0,6.0
644,2020-05-27,Manchester,11.0,,2267.0,14.0
645,2020-05-26,Manchester,23.0,,2256.0,9.0
646,2020-05-25,Manchester,26.0,,2233.0,5.0
647,2020-05-24,Manchester,16.0,,2207.0,12.0
648,2020-05-23,Manchester,16.0,,2191.0,10.0
649,2020-05-22,Manchester,26.0,,2175.0,20.0
650,2020-05-21,Manchester,23.0,,2149.0,20.0
651,2020-05-20,Manchester,34.0,,2126.0,17.0
652,2020-05-19,Manchester,47.0,,2092.0,17.0
653,2020-05-18,Manchester,35.0,,2045.0,18.0
654,2020-05-17,Manchester,25.0,,2010.0,6.0
655,2020-05-16,Manchester,37.0,,1985.0,9.0
656,2020-05-15,Manchester,25.0,,1948.0,19.0
657,2020-05-14,Manchester,24.0,,1923.0,14.0
658,2020-05-13,Manchester,36.0,,1899.0,13.0
659,2020-05-12,Manchester,35.0,,1863.0,15.0
660,2020-05-11,Manchester,34.0,,1828.0,8.0
661,2020-05-10,Manchester,30.0,,1794.0,24.0
662,2020-05-09,Manchester,25.0,,1764.0,23.0
663,2020-05-08,Manchester,26.0,,1739.0,22.0
664,2020-05-07,Manchester,39.0,,1713.0,53.0
665,2020-05-06,Manchester,45.0,,1674.0,12.0
666,2020-05-05,Manchester,46.0,,1629.0,24.0
667,2020-05-04,Manchester,21.0,,1583.0,14.0
668,2020-05-03,Manchester,29.0,,1562.0,36.0
669,2020-05-02,Manchester,23.0,,1533.0,26.0
670,2020-05-01,Manchester,38.0,,1510.0,32.0
671,2020-04-30,Manchester,34.0,,1472.0,13.0
672,2020-04-29,Manchester,50.0,,1438.0,14.0
673,2020-04-28,Manchester,33.0,,1388.0,22.0
674,2020-04-27,Manchester,23.0,,1355.0,22.0
675,2020-04-26,Manchester,26.0,,1332.0,13.0
676,2020-04-25,Manchester,35.0,,1306.0,25.0
677,2020-04-24,Manchester,53.0,,1271.0,22.0
678,2020-04-23,Manchester,50.0,,1218.0,35.0
679,2020-04-22,Manchester,56.0,,1168.0,22.0
680,2020-04-21,Manchester,38.0,,1112.0,
681,2020-04-20,Manchester,43.0,,1074.0,
682,2020-04-19,Manchester,35.0,,1031.0,
683,2020-04-18,Manchester,54.0,,996.0,
684,2020-04-17,Manchester,15.0,,942.0,
685,2020-04-16,Manchester,35.0,,927.0,
686,2020-04-15,Manchester,39.0,,892.0,
687,2020-04-14,Manchester,50.0,,853.0,
688,2020-04-13,Manchester,40.0,,803.0,
689,2020-04-12,Manchester,38.0,,763.0,
690,2020-04-11,Manchester,44.0,,725.0,
691,2020-04-10,Manchester,38.0,,681.0,
692,2020-04-09,Manchester,63.0,,643.0,
693,2020-04-08,Manchester,53.0,,580.0,
694,2020-04-07,Manchester,58.0,,527.0,
695,2020-04-06,Manchester,73.0,,469.0,
696,2020-04-05,Manchester,36.0,,396.0,
697,2020-04-04,Manchester,40.0,,360.0,
698,2020-04-03,Manchester,30.0,,320.0,
699,2020-04-02,Manchester,34.0,,290.0,
700,2020-04-01,Manchester,28.0,,256.0,
701,2020-03-31,Manchester,33.0,,228.0,
702,2020-03-30,Manchester,24.0,,195.0,
703,2020-03-29,Manchester,23.0,,171.0,
704,2020-03-28,Manchester,31.0,,148.0,
705,2020-03-27,Manchester,14.0,,117.0,
706,2020-03-26,Manchester,22.0,,103.0,
707,2020-03-25,Manchester,15.0,,81.0,
708,2020-03-24,Manchester,8.0,,66.0,
709,2020-03-23,Manchester,12.0,,58.0,
710,2020-03-22,Manchester,4.0,,46.0,
711,2020-03-21,Manchester,3.0,,42.0,
712,2020-03-20,Manchester,5.0,,39.0,
713,2020-03-19,Manchester,4.0,,34.0,
714,2020-03-18,Manchester,3.0,,30.0,
715,2020-03-17,Manchester,4.0,,27.0,
716,2020-03-16,Manchester,6.0,,23.0,
717,2020-03-15,Manchester,3.0,,17.0,
718,2020-03-14,Manchester,0.0,,14.0,
719,2020-03-13,Manchester,6.0,,14.0,
720,2020-03-12,Manchester,0.0,,8.0,
721,2020-03-11,Manchester,1.0,,8.0,
722,2020-03-10,Manchester,1.0,,7.0,
723,2020-03-09,Manchester,2.0,,6.0,
724,2020-03-08,Manchester,0.0,,4.0,
725,2020-03-07,Manchester,0.0,,4.0,
726,2020-03-06,Manchester,0.0,,4.0,
727,2020-03-05,Manchester,2.0,,4.0,
728,2020-03-04,Manchester,1.0,,2.0,
729,2020-03-03,Manchester,1.0,,1.0,
